Radio 357	https://stream.rcs.revma.com/an1ugyygzk8uv	0	https://www.google.com/s2/favicons?domain=radio357.pl&sz=256
Radio Nowy Swiat	http://stream.nowyswiat.online/mp3	0	https://www.google.com/s2/favicons?domain=nowyswiat.online&sz=256
RMF FM	http://rmfstream1.interia.pl:80/rmf_fm	0	https://upload.wikimedia.org/wikipedia/commons/c/ca/RMF_FM_logotyp_2022.png
Radio ZET	http://zt04.cdn.eurozet.pl/zet-net.mp3	0	https://www.google.com/s2/favicons?domain=radiozet.pl&sz=256
ESKA	http://ic1.smcdn.pl/3990-1.mp3	0	https://www.google.com/s2/favicons?domain=eska.pl&sz=256
Antyradio	http://an01.cdn.eurozet.pl/ant-waw.mp3	0	https://www.google.com/s2/favicons?domain=antyradio.pl&sz=256
TOK FM	http://radiostream.pl/tuba10-1.mp3	0	https://www.google.com/s2/favicons?domain=tokfm.pl&sz=256
Polskie Radio 3	http://stream3.polskieradio.pl:8904/;	0	https://www.google.com/s2/favicons?domain=polskieradio.pl&sz=256
Radio Maryja	http://51.68.135.155:80/stream	0	https://www.google.com/s2/favicons?domain=radiomaryja.pl&sz=256
Zlote Przeboje	https://radiostream.pl/tuba8900-1.mp3	0	https://www.google.com/s2/favicons?domain=zloteprzeboje.tuba.pl&sz=256

